
INSERT OR REPLACE INTO pokedex (pokedex_num,type1,type2) VALUES (1,'GRASS','POISON');
INSERT OR REPLACE INTO evolution (pokedex_num,evolution_id) VALUES (1,2);
INSERT OR REPLACE INTO pokedex_i18n (pokedex_num,lang,name) VALUES (1,'fr-fr','Bulbizarre');
INSERT OR REPLACE INTO pokedex_i18n (pokedex_num,lang,name) VALUES (1,'en-us','Bulbasaur');
INSERT OR REPLACE INTO pokedex_i18n (pokedex_num,lang,name) VALUES (1,'de-de','Bisasam');

INSERT OR REPLACE INTO pokedex (pokedex_num,type1,type2) VALUES (2,'GRASS','POISON');
INSERT OR REPLACE INTO evolution (pokedex_num,evolution_id) VALUES (2,3);
INSERT OR REPLACE INTO pokedex_i18n (pokedex_num,lang,name) VALUES (2,'fr-fr','Herbizarre');
INSERT OR REPLACE INTO pokedex_i18n (pokedex_num,lang,name) VALUES (2,'en-us','Ivysaur');
INSERT OR REPLACE INTO pokedex_i18n (pokedex_num,lang,name) VALUES (2,'de-de','Bisaknosp');

INSERT OR REPLACE INTO pokedex (pokedex_num,type1,type2) VALUES (3,'GRASS','POISON');
INSERT OR REPLACE INTO pokedex_i18n (pokedex_num,lang,name) VALUES (3,'fr-fr','Florizarre');
INSERT OR REPLACE INTO pokedex_i18n (pokedex_num,lang,name) VALUES (3,'en-us','Venusaur');
INSERT OR REPLACE INTO pokedex_i18n (pokedex_num,lang,name) VALUES (3,'de-de','Bisaflor');

INSERT OR REPLACE INTO pokedex (pokedex_num,type1,type2) VALUES (4,'FIRE',null);
INSERT OR REPLACE INTO evolution (pokedex_num,evolution_id) VALUES (4,5);
INSERT OR REPLACE INTO pokedex_i18n (pokedex_num,lang,name) VALUES (4,'fr-fr','Salamèche');
INSERT OR REPLACE INTO pokedex_i18n (pokedex_num,lang,name) VALUES (4,'en-us','Charmander');
INSERT OR REPLACE INTO pokedex_i18n (pokedex_num,lang,name) VALUES (4,'de-de','Glumanda');

INSERT OR REPLACE INTO pokedex (pokedex_num,type1,type2) VALUES (5,'FIRE',null);
INSERT OR REPLACE INTO evolution (pokedex_num,evolution_id) VALUES (5,6);
INSERT OR REPLACE INTO pokedex_i18n (pokedex_num,lang,name) VALUES (5,'fr-fr','Reptincel');
INSERT OR REPLACE INTO pokedex_i18n (pokedex_num,lang,name) VALUES (5,'en-us','Charmeleon');
INSERT OR REPLACE INTO pokedex_i18n (pokedex_num,lang,name) VALUES (5,'de-de','Glutexo');

INSERT OR REPLACE INTO pokedex (pokedex_num,type1,type2) VALUES (6,'FIRE','FLYING');
INSERT OR REPLACE INTO pokedex_i18n (pokedex_num,lang,name) VALUES (6,'fr-fr','Dracaufeu');
INSERT OR REPLACE INTO pokedex_i18n (pokedex_num,lang,name) VALUES (6,'en-us','Charizard');
INSERT OR REPLACE INTO pokedex_i18n (pokedex_num,lang,name) VALUES (6,'de-de','Glurak');

INSERT OR REPLACE INTO pokedex (pokedex_num,type1,type2) VALUES (7,'WATER',null);
INSERT OR REPLACE INTO evolution (pokedex_num,evolution_id) VALUES (7,8);
INSERT OR REPLACE INTO pokedex_i18n (pokedex_num,lang,name) VALUES (7,'fr-fr','Carapuce');
INSERT OR REPLACE INTO pokedex_i18n (pokedex_num,lang,name) VALUES (7,'en-us','Squirtle');
INSERT OR REPLACE INTO pokedex_i18n (pokedex_num,lang,name) VALUES (7,'de-de','Schiggy');

INSERT OR REPLACE INTO pokedex (pokedex_num,type1,type2) VALUES (8,'WATER',null);
INSERT OR REPLACE INTO evolution (pokedex_num,evolution_id) VALUES (8,9);
INSERT OR REPLACE INTO pokedex_i18n (pokedex_num,lang,name) VALUES (8,'fr-fr','Carabaffe');
INSERT OR REPLACE INTO pokedex_i18n (pokedex_num,lang,name) VALUES (8,'en-us','Wartortle');
INSERT OR REPLACE INTO pokedex_i18n (pokedex_num,lang,name) VALUES (8,'de-de','Schillok');

INSERT OR REPLACE INTO pokedex (pokedex_num,type1,type2) VALUES (9,'WATER',null);
INSERT OR REPLACE INTO pokedex_i18n (pokedex_num,lang,name) VALUES (9,'fr-fr','Tortank');
INSERT OR REPLACE INTO pokedex_i18n (pokedex_num,lang,name) VALUES (9,'en-us','Blastoise');
INSERT OR REPLACE INTO pokedex_i18n (pokedex_num,lang,name) VALUES (9,'de-de','Turtok');

INSERT OR REPLACE INTO pokedex (pokedex_num,type1,type2) VALUES (10,'BUG',null);
INSERT OR REPLACE INTO evolution (pokedex_num,evolution_id) VALUES (10,11);
INSERT OR REPLACE INTO pokedex_i18n (pokedex_num,lang,name) VALUES (10,'fr-fr','Chenipan');
INSERT OR REPLACE INTO pokedex_i18n (pokedex_num,lang,name) VALUES (10,'en-us','Caterpie');
INSERT OR REPLACE INTO pokedex_i18n (pokedex_num,lang,name) VALUES (10,'de-de','Raupy');

INSERT OR REPLACE INTO pokedex (pokedex_num,type1,type2) VALUES (11,'BUG',null);
INSERT OR REPLACE INTO evolution (pokedex_num,evolution_id) VALUES (11,12);
INSERT OR REPLACE INTO pokedex_i18n (pokedex_num,lang,name) VALUES (11,'fr-fr','Chrysacier');
INSERT OR REPLACE INTO pokedex_i18n (pokedex_num,lang,name) VALUES (11,'en-us','Metapod');
INSERT OR REPLACE INTO pokedex_i18n (pokedex_num,lang,name) VALUES (11,'de-de','Safcon');

INSERT OR REPLACE INTO pokedex (pokedex_num,type1,type2) VALUES (12,'BUG','FLYING');
INSERT OR REPLACE INTO pokedex_i18n (pokedex_num,lang,name) VALUES (12,'fr-fr','Papilusion');
INSERT OR REPLACE INTO pokedex_i18n (pokedex_num,lang,name) VALUES (12,'en-us','Butterfree');
INSERT OR REPLACE INTO pokedex_i18n (pokedex_num,lang,name) VALUES (12,'de-de','Smettbo');

INSERT OR REPLACE INTO pokedex (pokedex_num,type1,type2) VALUES (13,'BUG','POISON');
INSERT OR REPLACE INTO evolution (pokedex_num,evolution_id) VALUES (13,14);
INSERT OR REPLACE INTO pokedex_i18n (pokedex_num,lang,name) VALUES (13,'fr-fr','Aspicot');
INSERT OR REPLACE INTO pokedex_i18n (pokedex_num,lang,name) VALUES (13,'en-us','Weedle');
INSERT OR REPLACE INTO pokedex_i18n (pokedex_num,lang,name) VALUES (13,'de-de','Hornliu');

INSERT OR REPLACE INTO pokedex (pokedex_num,type1,type2) VALUES (14,'BUG','POISON');
INSERT OR REPLACE INTO evolution (pokedex_num,evolution_id) VALUES (14,15);
INSERT OR REPLACE INTO pokedex_i18n (pokedex_num,lang,name) VALUES (14,'fr-fr','Coconfort');
INSERT OR REPLACE INTO pokedex_i18n (pokedex_num,lang,name) VALUES (14,'en-us','Kakuna');
INSERT OR REPLACE INTO pokedex_i18n (pokedex_num,lang,name) VALUES (14,'de-de','Kokuna');

INSERT OR REPLACE INTO pokedex (pokedex_num,type1,type2) VALUES (15,'BUG','POISON');
INSERT OR REPLACE INTO pokedex_i18n (pokedex_num,lang,name) VALUES (15,'fr-fr','Dardargnan');
INSERT OR REPLACE INTO pokedex_i18n (pokedex_num,lang,name) VALUES (15,'en-us','Beedrill');
INSERT OR REPLACE INTO pokedex_i18n (pokedex_num,lang,name) VALUES (15,'de-de','Bibor');

INSERT OR REPLACE INTO pokedex (pokedex_num,type1,type2) VALUES (16,'NORMAL','FLYING');
INSERT OR REPLACE INTO evolution (pokedex_num,evolution_id) VALUES (16,17);
INSERT OR REPLACE INTO pokedex_i18n (pokedex_num,lang,name) VALUES (16,'fr-fr','Roucool');
INSERT OR REPLACE INTO pokedex_i18n (pokedex_num,lang,name) VALUES (16,'en-us','Pidgey');
INSERT OR REPLACE INTO pokedex_i18n (pokedex_num,lang,name) VALUES (16,'de-de','Taubsi');

INSERT OR REPLACE INTO pokedex (pokedex_num,type1,type2) VALUES (17,'NORMAL','FLYING');
INSERT OR REPLACE INTO evolution (pokedex_num,evolution_id) VALUES (17,18);
INSERT OR REPLACE INTO pokedex_i18n (pokedex_num,lang,name) VALUES (17,'fr-fr','Roucoups');
INSERT OR REPLACE INTO pokedex_i18n (pokedex_num,lang,name) VALUES (17,'en-us','Tauboga');
INSERT OR REPLACE INTO pokedex_i18n (pokedex_num,lang,name) VALUES (17,'de-de','Pidgeotto');

INSERT OR REPLACE INTO pokedex (pokedex_num,type1,type2) VALUES (18,'NORMAL','FLYING');
INSERT OR REPLACE INTO pokedex_i18n (pokedex_num,lang,name) VALUES (18,'fr-fr','Roucarnage');
INSERT OR REPLACE INTO pokedex_i18n (pokedex_num,lang,name) VALUES (18,'en-us','Pidgeot');
INSERT OR REPLACE INTO pokedex_i18n (pokedex_num,lang,name) VALUES (18,'de-de','Tauboss');

INSERT OR REPLACE INTO pokedex (pokedex_num,type1,type2) VALUES (19,'NORMAL',null);
INSERT OR REPLACE INTO evolution (pokedex_num,evolution_id) VALUES (19,20);
INSERT OR REPLACE INTO pokedex_i18n (pokedex_num,lang,name) VALUES (19,'fr-fr','Rattata');
INSERT OR REPLACE INTO pokedex_i18n (pokedex_num,lang,name) VALUES (19,'en-us','Rattata');
INSERT OR REPLACE INTO pokedex_i18n (pokedex_num,lang,name) VALUES (19,'de-de','Rattfratz');

INSERT OR REPLACE INTO pokedex (pokedex_num,type1,type2) VALUES (20,'NORMAL',null);
INSERT OR REPLACE INTO pokedex_i18n (pokedex_num,lang,name) VALUES (20,'fr-fr','Rattatac');
INSERT OR REPLACE INTO pokedex_i18n (pokedex_num,lang,name) VALUES (20,'en-us','Raticate');
INSERT OR REPLACE INTO pokedex_i18n (pokedex_num,lang,name) VALUES (20,'de-de','Rattikarl');

INSERT OR REPLACE INTO pokedex (pokedex_num,type1,type2) VALUES (21,'NORMAL','FLYING');
INSERT OR REPLACE INTO evolution (pokedex_num,evolution_id) VALUES (21,22);
INSERT OR REPLACE INTO pokedex_i18n (pokedex_num,lang,name) VALUES (21,'fr-fr','Piafabec');
INSERT OR REPLACE INTO pokedex_i18n (pokedex_num,lang,name) VALUES (21,'en-us','Spearow');
INSERT OR REPLACE INTO pokedex_i18n (pokedex_num,lang,name) VALUES (21,'de-de','Habitak');

INSERT OR REPLACE INTO pokedex (pokedex_num,type1,type2) VALUES (22,'NORMAL','FLYING');
INSERT OR REPLACE INTO pokedex_i18n (pokedex_num,lang,name) VALUES (22,'fr-fr','Rapasdepic');
INSERT OR REPLACE INTO pokedex_i18n (pokedex_num,lang,name) VALUES (22,'en-us','Fearow');
INSERT OR REPLACE INTO pokedex_i18n (pokedex_num,lang,name) VALUES (22,'de-de','Ibitak');

INSERT OR REPLACE INTO pokedex (pokedex_num,type1,type2) VALUES (23,'POISON',null);
INSERT OR REPLACE INTO evolution (pokedex_num,evolution_id) VALUES (23,24);
INSERT OR REPLACE INTO pokedex_i18n (pokedex_num,lang,name) VALUES (23,'fr-fr','Abo');
INSERT OR REPLACE INTO pokedex_i18n (pokedex_num,lang,name) VALUES (23,'en-us','Ekans');
INSERT OR REPLACE INTO pokedex_i18n (pokedex_num,lang,name) VALUES (23,'de-de','Rettan');

INSERT OR REPLACE INTO pokedex (pokedex_num,type1,type2) VALUES (24,'POISON',null);
INSERT OR REPLACE INTO pokedex_i18n (pokedex_num,lang,name) VALUES (24,'fr-fr','Arbok');
INSERT OR REPLACE INTO pokedex_i18n (pokedex_num,lang,name) VALUES (24,'en-us','Arbok');
INSERT OR REPLACE INTO pokedex_i18n (pokedex_num,lang,name) VALUES (24,'de-de','Arbok');

INSERT OR REPLACE INTO pokedex (pokedex_num,type1,type2) VALUES (25,'ELECTRIC',null);
INSERT OR REPLACE INTO evolution (pokedex_num,evolution_id) VALUES (25,26);
INSERT OR REPLACE INTO pokedex_i18n (pokedex_num,lang,name) VALUES (25,'fr-fr','Pikachu');
INSERT OR REPLACE INTO pokedex_i18n (pokedex_num,lang,name) VALUES (25,'en-us','Pikachu');
INSERT OR REPLACE INTO pokedex_i18n (pokedex_num,lang,name) VALUES (25,'de-de','Pikachu');

INSERT OR REPLACE INTO pokedex (pokedex_num,type1,type2) VALUES (26,'ELECTRIC',null);
INSERT OR REPLACE INTO pokedex_i18n (pokedex_num,lang,name) VALUES (26,'fr-fr','Raichu');
INSERT OR REPLACE INTO pokedex_i18n (pokedex_num,lang,name) VALUES (26,'en-us','Raichu');
INSERT OR REPLACE INTO pokedex_i18n (pokedex_num,lang,name) VALUES (26,'de-de','Raichu');

INSERT OR REPLACE INTO pokedex (pokedex_num,type1,type2) VALUES (27,'GROUND',null);
INSERT OR REPLACE INTO evolution (pokedex_num,evolution_id) VALUES (27,28);
INSERT OR REPLACE INTO pokedex_i18n (pokedex_num,lang,name) VALUES (27,'fr-fr','Sabelette');
INSERT OR REPLACE INTO pokedex_i18n (pokedex_num,lang,name) VALUES (27,'en-us','Sandshrew');
INSERT OR REPLACE INTO pokedex_i18n (pokedex_num,lang,name) VALUES (27,'de-de','Sandan');

INSERT OR REPLACE INTO pokedex (pokedex_num,type1,type2) VALUES (28,'GROUND',null);
INSERT OR REPLACE INTO pokedex_i18n (pokedex_num,lang,name) VALUES (28,'fr-fr','Sablaireau');
INSERT OR REPLACE INTO pokedex_i18n (pokedex_num,lang,name) VALUES (28,'en-us','Sandslash');
INSERT OR REPLACE INTO pokedex_i18n (pokedex_num,lang,name) VALUES (28,'de-de','Sandamer');

INSERT OR REPLACE INTO pokedex (pokedex_num,type1,type2) VALUES (29,'POISON',null);
INSERT OR REPLACE INTO evolution (pokedex_num,evolution_id) VALUES (29,30);
INSERT OR REPLACE INTO pokedex_i18n (pokedex_num,lang,name) VALUES (29,'fr-fr','Nidoran♀');
INSERT OR REPLACE INTO pokedex_i18n (pokedex_num,lang,name) VALUES (29,'en-us','Nidoran♀');
INSERT OR REPLACE INTO pokedex_i18n (pokedex_num,lang,name) VALUES (29,'de-de','Nidoran♀');

INSERT OR REPLACE INTO pokedex (pokedex_num,type1,type2) VALUES (30,'POISON',null);
INSERT OR REPLACE INTO evolution (pokedex_num,evolution_id) VALUES (30,31);
INSERT OR REPLACE INTO pokedex_i18n (pokedex_num,lang,name) VALUES (30,'fr-fr','Nidorina');
INSERT OR REPLACE INTO pokedex_i18n (pokedex_num,lang,name) VALUES (30,'en-us','Nidorina');
INSERT OR REPLACE INTO pokedex_i18n (pokedex_num,lang,name) VALUES (30,'de-de','Nidorina');

INSERT OR REPLACE INTO pokedex (pokedex_num,type1,type2) VALUES (31,'POISON','GROUND');
INSERT OR REPLACE INTO pokedex_i18n (pokedex_num,lang,name) VALUES (31,'fr-fr','Nidoqueen');
INSERT OR REPLACE INTO pokedex_i18n (pokedex_num,lang,name) VALUES (31,'en-us','Nidoqueen');
INSERT OR REPLACE INTO pokedex_i18n (pokedex_num,lang,name) VALUES (31,'de-de','Nidoqueen');

INSERT OR REPLACE INTO pokedex (pokedex_num,type1,type2) VALUES (32,'POISON',null);
INSERT OR REPLACE INTO evolution (pokedex_num,evolution_id) VALUES (32,33);
INSERT OR REPLACE INTO pokedex_i18n (pokedex_num,lang,name) VALUES (32,'fr-fr','Nidoran♂');
INSERT OR REPLACE INTO pokedex_i18n (pokedex_num,lang,name) VALUES (32,'en-us','Nidoran♂');
INSERT OR REPLACE INTO pokedex_i18n (pokedex_num,lang,name) VALUES (32,'de-de','Nidoran♂');

INSERT OR REPLACE INTO pokedex (pokedex_num,type1,type2) VALUES (33,'POISON',null);
INSERT OR REPLACE INTO evolution (pokedex_num,evolution_id) VALUES (33,34);
INSERT OR REPLACE INTO pokedex_i18n (pokedex_num,lang,name) VALUES (33,'fr-fr','Nidorino');
INSERT OR REPLACE INTO pokedex_i18n (pokedex_num,lang,name) VALUES (33,'en-us','Nidorino');
INSERT OR REPLACE INTO pokedex_i18n (pokedex_num,lang,name) VALUES (33,'de-de','Nidorino');

INSERT OR REPLACE INTO pokedex (pokedex_num,type1,type2) VALUES (34,'POISON','GROUND');
INSERT OR REPLACE INTO pokedex_i18n (pokedex_num,lang,name) VALUES (34,'fr-fr','Nidoking');
INSERT OR REPLACE INTO pokedex_i18n (pokedex_num,lang,name) VALUES (34,'en-us','Nidoking');
INSERT OR REPLACE INTO pokedex_i18n (pokedex_num,lang,name) VALUES (34,'de-de','Nidoking');

INSERT OR REPLACE INTO pokedex (pokedex_num,type1,type2) VALUES (35,'FAIRY',null);
INSERT OR REPLACE INTO evolution (pokedex_num,evolution_id) VALUES (35,36);
INSERT OR REPLACE INTO pokedex_i18n (pokedex_num,lang,name) VALUES (35,'fr-fr','Mélofée');
INSERT OR REPLACE INTO pokedex_i18n (pokedex_num,lang,name) VALUES (35,'en-us','Clefairy');
INSERT OR REPLACE INTO pokedex_i18n (pokedex_num,lang,name) VALUES (35,'de-de','Piepi');

INSERT OR REPLACE INTO pokedex (pokedex_num,type1,type2) VALUES (36,'FAIRY',null);
INSERT OR REPLACE INTO pokedex_i18n (pokedex_num,lang,name) VALUES (36,'fr-fr','Mélodelfe');
INSERT OR REPLACE INTO pokedex_i18n (pokedex_num,lang,name) VALUES (36,'en-us','Clefable');
INSERT OR REPLACE INTO pokedex_i18n (pokedex_num,lang,name) VALUES (36,'de-de','Pixi');

INSERT OR REPLACE INTO pokedex (pokedex_num,type1,type2) VALUES (37,'FIRE',null);
INSERT OR REPLACE INTO evolution (pokedex_num,evolution_id) VALUES (37,38);
INSERT OR REPLACE INTO pokedex_i18n (pokedex_num,lang,name) VALUES (37,'fr-fr','Goupix');
INSERT OR REPLACE INTO pokedex_i18n (pokedex_num,lang,name) VALUES (37,'en-us','Vulpix');
INSERT OR REPLACE INTO pokedex_i18n (pokedex_num,lang,name) VALUES (37,'de-de','Vulpix');

INSERT OR REPLACE INTO pokedex (pokedex_num,type1,type2) VALUES (38,'FIRE',null);
INSERT OR REPLACE INTO pokedex_i18n (pokedex_num,lang,name) VALUES (38,'fr-fr','Feunard');
INSERT OR REPLACE INTO pokedex_i18n (pokedex_num,lang,name) VALUES (38,'en-us','Ninetales');
INSERT OR REPLACE INTO pokedex_i18n (pokedex_num,lang,name) VALUES (38,'de-de','Vulnona');

INSERT OR REPLACE INTO pokedex (pokedex_num,type1,type2) VALUES (39,'NORMAL','FAIRY');
INSERT OR REPLACE INTO evolution (pokedex_num,evolution_id) VALUES (39,40);
INSERT OR REPLACE INTO pokedex_i18n (pokedex_num,lang,name) VALUES (39,'fr-fr','Rondoudou');
INSERT OR REPLACE INTO pokedex_i18n (pokedex_num,lang,name) VALUES (39,'en-us','Jigglypuff');
INSERT OR REPLACE INTO pokedex_i18n (pokedex_num,lang,name) VALUES (39,'de-de','Pummeluff');

INSERT OR REPLACE INTO pokedex (pokedex_num,type1,type2) VALUES (40,'NORMAL','FAIRY');
INSERT OR REPLACE INTO pokedex_i18n (pokedex_num,lang,name) VALUES (40,'fr-fr','Grodoudou');
INSERT OR REPLACE INTO pokedex_i18n (pokedex_num,lang,name) VALUES (40,'en-us','Wigglytuff');
INSERT OR REPLACE INTO pokedex_i18n (pokedex_num,lang,name) VALUES (40,'de-de','Knuddeluff');

INSERT OR REPLACE INTO pokedex (pokedex_num,type1,type2) VALUES (41,'POISON','FLYING');
INSERT OR REPLACE INTO evolution (pokedex_num,evolution_id) VALUES (41,42);
INSERT OR REPLACE INTO pokedex_i18n (pokedex_num,lang,name) VALUES (41,'fr-fr','Nosferapti');
INSERT OR REPLACE INTO pokedex_i18n (pokedex_num,lang,name) VALUES (41,'en-us','Zubat');
INSERT OR REPLACE INTO pokedex_i18n (pokedex_num,lang,name) VALUES (41,'de-de','Zubat');

INSERT OR REPLACE INTO pokedex (pokedex_num,type1,type2) VALUES (42,'POISON','FLYING');
INSERT OR REPLACE INTO pokedex_i18n (pokedex_num,lang,name) VALUES (42,'fr-fr','Nosferalto');
INSERT OR REPLACE INTO pokedex_i18n (pokedex_num,lang,name) VALUES (42,'en-us','Golbat');
INSERT OR REPLACE INTO pokedex_i18n (pokedex_num,lang,name) VALUES (42,'de-de','Golbat');

INSERT OR REPLACE INTO pokedex (pokedex_num,type1,type2) VALUES (43,'GRASS','POISON');
INSERT OR REPLACE INTO evolution (pokedex_num,evolution_id) VALUES (43,44);
INSERT OR REPLACE INTO pokedex_i18n (pokedex_num,lang,name) VALUES (43,'fr-fr','Mystherbe');
INSERT OR REPLACE INTO pokedex_i18n (pokedex_num,lang,name) VALUES (43,'en-us','Oddish');
INSERT OR REPLACE INTO pokedex_i18n (pokedex_num,lang,name) VALUES (43,'de-de','Myrapla');

INSERT OR REPLACE INTO pokedex (pokedex_num,type1,type2) VALUES (44,'GRASS','POISON');
INSERT OR REPLACE INTO evolution (pokedex_num,evolution_id) VALUES (44,45);
INSERT OR REPLACE INTO pokedex_i18n (pokedex_num,lang,name) VALUES (44,'fr-fr','Ortide');
INSERT OR REPLACE INTO pokedex_i18n (pokedex_num,lang,name) VALUES (44,'en-us','Gloom');
INSERT OR REPLACE INTO pokedex_i18n (pokedex_num,lang,name) VALUES (44,'de-de','Duflor');

INSERT OR REPLACE INTO pokedex (pokedex_num,type1,type2) VALUES (45,'GRASS','POISON');
INSERT OR REPLACE INTO pokedex_i18n (pokedex_num,lang,name) VALUES (45,'fr-fr','Rafflesia');
INSERT OR REPLACE INTO pokedex_i18n (pokedex_num,lang,name) VALUES (45,'en-us','Vileplume');
INSERT OR REPLACE INTO pokedex_i18n (pokedex_num,lang,name) VALUES (45,'de-de','Giflor');

INSERT OR REPLACE INTO pokedex (pokedex_num,type1,type2) VALUES (46,'BUG','GRASS');
INSERT OR REPLACE INTO evolution (pokedex_num,evolution_id) VALUES (46,47);
INSERT OR REPLACE INTO pokedex_i18n (pokedex_num,lang,name) VALUES (46,'fr-fr','Paras');
INSERT OR REPLACE INTO pokedex_i18n (pokedex_num,lang,name) VALUES (46,'en-us','Paras');
INSERT OR REPLACE INTO pokedex_i18n (pokedex_num,lang,name) VALUES (46,'de-de','Paras');

INSERT OR REPLACE INTO pokedex (pokedex_num,type1,type2) VALUES (47,'BUG','GRASS');
INSERT OR REPLACE INTO pokedex_i18n (pokedex_num,lang,name) VALUES (47,'fr-fr','Parasect');
INSERT OR REPLACE INTO pokedex_i18n (pokedex_num,lang,name) VALUES (47,'en-us','Parasect');
INSERT OR REPLACE INTO pokedex_i18n (pokedex_num,lang,name) VALUES (47,'de-de','Parasek');

INSERT OR REPLACE INTO pokedex (pokedex_num,type1,type2) VALUES (48,'BUG','POISON');
INSERT OR REPLACE INTO evolution (pokedex_num,evolution_id) VALUES (48,49);
INSERT OR REPLACE INTO pokedex_i18n (pokedex_num,lang,name) VALUES (48,'fr-fr','Mimitoss');
INSERT OR REPLACE INTO pokedex_i18n (pokedex_num,lang,name) VALUES (48,'en-us','Venonat');
INSERT OR REPLACE INTO pokedex_i18n (pokedex_num,lang,name) VALUES (48,'de-de','Bluzuk');

INSERT OR REPLACE INTO pokedex (pokedex_num,type1,type2) VALUES (49,'BUG','POISON');
INSERT OR REPLACE INTO pokedex_i18n (pokedex_num,lang,name) VALUES (49,'fr-fr','Aéromite');
INSERT OR REPLACE INTO pokedex_i18n (pokedex_num,lang,name) VALUES (49,'en-us','Venomoth');
INSERT OR REPLACE INTO pokedex_i18n (pokedex_num,lang,name) VALUES (49,'de-de','Omot');

INSERT OR REPLACE INTO pokedex (pokedex_num,type1,type2) VALUES (50,'GROUND',null);
INSERT OR REPLACE INTO evolution (pokedex_num,evolution_id) VALUES (50,51);
INSERT OR REPLACE INTO pokedex_i18n (pokedex_num,lang,name) VALUES (50,'fr-fr','Taupiqueur');
INSERT OR REPLACE INTO pokedex_i18n (pokedex_num,lang,name) VALUES (50,'en-us','Diglett');
INSERT OR REPLACE INTO pokedex_i18n (pokedex_num,lang,name) VALUES (50,'de-de','Digda');

INSERT OR REPLACE INTO pokedex (pokedex_num,type1,type2) VALUES (51,'GROUND',null);
INSERT OR REPLACE INTO pokedex_i18n (pokedex_num,lang,name) VALUES (51,'fr-fr','Triopikeur');
INSERT OR REPLACE INTO pokedex_i18n (pokedex_num,lang,name) VALUES (51,'en-us','Dugtrio');
INSERT OR REPLACE INTO pokedex_i18n (pokedex_num,lang,name) VALUES (51,'de-de','Digdri');

INSERT OR REPLACE INTO pokedex (pokedex_num,type1,type2) VALUES (52,'NORMAL',null);
INSERT OR REPLACE INTO evolution (pokedex_num,evolution_id) VALUES (52,53);
INSERT OR REPLACE INTO pokedex_i18n (pokedex_num,lang,name) VALUES (52,'fr-fr','Miaouss');
INSERT OR REPLACE INTO pokedex_i18n (pokedex_num,lang,name) VALUES (52,'en-us','Meowth');
INSERT OR REPLACE INTO pokedex_i18n (pokedex_num,lang,name) VALUES (52,'de-de','Mauzi');

INSERT OR REPLACE INTO pokedex (pokedex_num,type1,type2) VALUES (53,'NORMAL',null);
INSERT OR REPLACE INTO pokedex_i18n (pokedex_num,lang,name) VALUES (53,'fr-fr','Persian');
INSERT OR REPLACE INTO pokedex_i18n (pokedex_num,lang,name) VALUES (53,'en-us','Persian');
INSERT OR REPLACE INTO pokedex_i18n (pokedex_num,lang,name) VALUES (53,'de-de','Snobilikat');

INSERT OR REPLACE INTO pokedex (pokedex_num,type1,type2) VALUES (54,'WATER',null);
INSERT OR REPLACE INTO evolution (pokedex_num,evolution_id) VALUES (54,55);
INSERT OR REPLACE INTO pokedex_i18n (pokedex_num,lang,name) VALUES (54,'fr-fr','Psykokwak');
INSERT OR REPLACE INTO pokedex_i18n (pokedex_num,lang,name) VALUES (54,'en-us','Psyduck');
INSERT OR REPLACE INTO pokedex_i18n (pokedex_num,lang,name) VALUES (54,'de-de','Enton');

INSERT OR REPLACE INTO pokedex (pokedex_num,type1,type2) VALUES (55,'WATER',null);
INSERT OR REPLACE INTO pokedex_i18n (pokedex_num,lang,name) VALUES (55,'fr-fr','Akwakwak');
INSERT OR REPLACE INTO pokedex_i18n (pokedex_num,lang,name) VALUES (55,'en-us','Golduck');
INSERT OR REPLACE INTO pokedex_i18n (pokedex_num,lang,name) VALUES (55,'de-de','Entoron');

INSERT OR REPLACE INTO pokedex (pokedex_num,type1,type2) VALUES (56,'FIGHTING',null);
INSERT OR REPLACE INTO evolution (pokedex_num,evolution_id) VALUES (56,57);
INSERT OR REPLACE INTO pokedex_i18n (pokedex_num,lang,name) VALUES (56,'fr-fr','Férosinge');
INSERT OR REPLACE INTO pokedex_i18n (pokedex_num,lang,name) VALUES (56,'en-us','Mankey');
INSERT OR REPLACE INTO pokedex_i18n (pokedex_num,lang,name) VALUES (56,'de-de','Menki');

INSERT OR REPLACE INTO pokedex (pokedex_num,type1,type2) VALUES (57,'FIGHTING',null);
INSERT OR REPLACE INTO pokedex_i18n (pokedex_num,lang,name) VALUES (57,'fr-fr','Colossinge');
INSERT OR REPLACE INTO pokedex_i18n (pokedex_num,lang,name) VALUES (57,'en-us','Primeape');
INSERT OR REPLACE INTO pokedex_i18n (pokedex_num,lang,name) VALUES (57,'de-de','Rasaff');

INSERT OR REPLACE INTO pokedex (pokedex_num,type1,type2) VALUES (58,'FIRE',null);
INSERT OR REPLACE INTO evolution (pokedex_num,evolution_id) VALUES (58,59);
INSERT OR REPLACE INTO pokedex_i18n (pokedex_num,lang,name) VALUES (58,'fr-fr','Caninos');
INSERT OR REPLACE INTO pokedex_i18n (pokedex_num,lang,name) VALUES (58,'en-us','Growlithe');
INSERT OR REPLACE INTO pokedex_i18n (pokedex_num,lang,name) VALUES (58,'de-de','Fukano');

INSERT OR REPLACE INTO pokedex (pokedex_num,type1,type2) VALUES (59,'FIRE',null);
INSERT OR REPLACE INTO pokedex_i18n (pokedex_num,lang,name) VALUES (59,'fr-fr','Arcanin');
INSERT OR REPLACE INTO pokedex_i18n (pokedex_num,lang,name) VALUES (59,'en-us','Arcanine');
INSERT OR REPLACE INTO pokedex_i18n (pokedex_num,lang,name) VALUES (59,'de-de','Arkani');

INSERT OR REPLACE INTO pokedex (pokedex_num,type1,type2) VALUES (60,'WATER',null);
INSERT OR REPLACE INTO evolution (pokedex_num,evolution_id) VALUES (60,61);
INSERT OR REPLACE INTO pokedex_i18n (pokedex_num,lang,name) VALUES (60,'fr-fr','Ptitard');
INSERT OR REPLACE INTO pokedex_i18n (pokedex_num,lang,name) VALUES (60,'en-us','Poliwag');
INSERT OR REPLACE INTO pokedex_i18n (pokedex_num,lang,name) VALUES (60,'de-de','Quapsel');

INSERT OR REPLACE INTO pokedex (pokedex_num,type1,type2) VALUES (61,'WATER',null);
INSERT OR REPLACE INTO evolution (pokedex_num,evolution_id) VALUES (61,62);
INSERT OR REPLACE INTO pokedex_i18n (pokedex_num,lang,name) VALUES (61,'fr-fr','Têtarte');
INSERT OR REPLACE INTO pokedex_i18n (pokedex_num,lang,name) VALUES (61,'en-us','Poliwhirl');
INSERT OR REPLACE INTO pokedex_i18n (pokedex_num,lang,name) VALUES (61,'de-de','Quaputzi');

INSERT OR REPLACE INTO pokedex (pokedex_num,type1,type2) VALUES (62,'WATER','FIGHTING');
INSERT OR REPLACE INTO pokedex_i18n (pokedex_num,lang,name) VALUES (62,'fr-fr','Tartard');
INSERT OR REPLACE INTO pokedex_i18n (pokedex_num,lang,name) VALUES (62,'en-us','Poliwrath');
INSERT OR REPLACE INTO pokedex_i18n (pokedex_num,lang,name) VALUES (62,'de-de','Quappo');

INSERT OR REPLACE INTO pokedex (pokedex_num,type1,type2) VALUES (63,'PSYCHIC',null);
INSERT OR REPLACE INTO evolution (pokedex_num,evolution_id) VALUES (63,64);
INSERT OR REPLACE INTO pokedex_i18n (pokedex_num,lang,name) VALUES (63,'fr-fr','Abra');
INSERT OR REPLACE INTO pokedex_i18n (pokedex_num,lang,name) VALUES (63,'en-us','Abra');
INSERT OR REPLACE INTO pokedex_i18n (pokedex_num,lang,name) VALUES (63,'de-de','Abra');

INSERT OR REPLACE INTO pokedex (pokedex_num,type1,type2) VALUES (64,'PSYCHIC',null);
INSERT OR REPLACE INTO evolution (pokedex_num,evolution_id) VALUES (64,65);
INSERT OR REPLACE INTO pokedex_i18n (pokedex_num,lang,name) VALUES (64,'fr-fr','Kadabra');
INSERT OR REPLACE INTO pokedex_i18n (pokedex_num,lang,name) VALUES (64,'en-us','Kadabra');
INSERT OR REPLACE INTO pokedex_i18n (pokedex_num,lang,name) VALUES (64,'de-de','Kadabra');

INSERT OR REPLACE INTO pokedex (pokedex_num,type1,type2) VALUES (65,'PSYCHIC',null);
INSERT OR REPLACE INTO pokedex_i18n (pokedex_num,lang,name) VALUES (65,'fr-fr','Alakazam');
INSERT OR REPLACE INTO pokedex_i18n (pokedex_num,lang,name) VALUES (65,'en-us','Alakazam');
INSERT OR REPLACE INTO pokedex_i18n (pokedex_num,lang,name) VALUES (65,'de-de','Simsala');

INSERT OR REPLACE INTO pokedex (pokedex_num,type1,type2) VALUES (66,'FIGHTING',null);
INSERT OR REPLACE INTO evolution (pokedex_num,evolution_id) VALUES (66,67);
INSERT OR REPLACE INTO pokedex_i18n (pokedex_num,lang,name) VALUES (66,'fr-fr','Machoc');
INSERT OR REPLACE INTO pokedex_i18n (pokedex_num,lang,name) VALUES (66,'en-us','Machop');
INSERT OR REPLACE INTO pokedex_i18n (pokedex_num,lang,name) VALUES (66,'de-de','Machollo');

INSERT OR REPLACE INTO pokedex (pokedex_num,type1,type2) VALUES (67,'FIGHTING',null);
INSERT OR REPLACE INTO evolution (pokedex_num,evolution_id) VALUES (67,68);
INSERT OR REPLACE INTO pokedex_i18n (pokedex_num,lang,name) VALUES (67,'fr-fr','Machopeur');
INSERT OR REPLACE INTO pokedex_i18n (pokedex_num,lang,name) VALUES (67,'en-us','Machoke');
INSERT OR REPLACE INTO pokedex_i18n (pokedex_num,lang,name) VALUES (67,'de-de','Maschock');

INSERT OR REPLACE INTO pokedex (pokedex_num,type1,type2) VALUES (68,'FIGHTING',null);
INSERT OR REPLACE INTO pokedex_i18n (pokedex_num,lang,name) VALUES (68,'fr-fr','Mackogneur');
INSERT OR REPLACE INTO pokedex_i18n (pokedex_num,lang,name) VALUES (68,'en-us','Machamp');
INSERT OR REPLACE INTO pokedex_i18n (pokedex_num,lang,name) VALUES (68,'de-de','Machomei');

INSERT OR REPLACE INTO pokedex (pokedex_num,type1,type2) VALUES (69,'GRASS','POISON');
INSERT OR REPLACE INTO evolution (pokedex_num,evolution_id) VALUES (69,70);
INSERT OR REPLACE INTO pokedex_i18n (pokedex_num,lang,name) VALUES (69,'fr-fr','Chétiflor');
INSERT OR REPLACE INTO pokedex_i18n (pokedex_num,lang,name) VALUES (69,'en-us','Bellsprout');
INSERT OR REPLACE INTO pokedex_i18n (pokedex_num,lang,name) VALUES (69,'de-de','Knofensa');

INSERT OR REPLACE INTO pokedex (pokedex_num,type1,type2) VALUES (70,'GRASS','POISON');
INSERT OR REPLACE INTO evolution (pokedex_num,evolution_id) VALUES (70,71);
INSERT OR REPLACE INTO pokedex_i18n (pokedex_num,lang,name) VALUES (70,'fr-fr','Boustiflor');
INSERT OR REPLACE INTO pokedex_i18n (pokedex_num,lang,name) VALUES (70,'en-us','Weepinbell');
INSERT OR REPLACE INTO pokedex_i18n (pokedex_num,lang,name) VALUES (70,'de-de','Ultrigaria');

INSERT OR REPLACE INTO pokedex (pokedex_num,type1,type2) VALUES (71,'GRASS','POISON');
INSERT OR REPLACE INTO pokedex_i18n (pokedex_num,lang,name) VALUES (71,'fr-fr','Empiflor');
INSERT OR REPLACE INTO pokedex_i18n (pokedex_num,lang,name) VALUES (71,'en-us','Victreebel');
INSERT OR REPLACE INTO pokedex_i18n (pokedex_num,lang,name) VALUES (71,'de-de','Sarzenia');

INSERT OR REPLACE INTO pokedex (pokedex_num,type1,type2) VALUES (72,'WATER','POISON');
INSERT OR REPLACE INTO evolution (pokedex_num,evolution_id) VALUES (72,73);
INSERT OR REPLACE INTO pokedex_i18n (pokedex_num,lang,name) VALUES (72,'fr-fr','Tentacool');
INSERT OR REPLACE INTO pokedex_i18n (pokedex_num,lang,name) VALUES (72,'en-us','Tentacool');
INSERT OR REPLACE INTO pokedex_i18n (pokedex_num,lang,name) VALUES (72,'de-de','Tentacha');

INSERT OR REPLACE INTO pokedex (pokedex_num,type1,type2) VALUES (73,'WATER','POISON');
INSERT OR REPLACE INTO pokedex_i18n (pokedex_num,lang,name) VALUES (73,'fr-fr','Tentacruel');
INSERT OR REPLACE INTO pokedex_i18n (pokedex_num,lang,name) VALUES (73,'en-us','Tentacruel');
INSERT OR REPLACE INTO pokedex_i18n (pokedex_num,lang,name) VALUES (73,'de-de','Tentoxa');

INSERT OR REPLACE INTO pokedex (pokedex_num,type1,type2) VALUES (74,'ROCK','GROUND');
INSERT OR REPLACE INTO evolution (pokedex_num,evolution_id) VALUES (74,75);
INSERT OR REPLACE INTO pokedex_i18n (pokedex_num,lang,name) VALUES (74,'fr-fr','Racaillou');
INSERT OR REPLACE INTO pokedex_i18n (pokedex_num,lang,name) VALUES (74,'en-us','Geodude');
INSERT OR REPLACE INTO pokedex_i18n (pokedex_num,lang,name) VALUES (74,'de-de','Kleinstein');

INSERT OR REPLACE INTO pokedex (pokedex_num,type1,type2) VALUES (75,'ROCK','GROUND');
INSERT OR REPLACE INTO evolution (pokedex_num,evolution_id) VALUES (75,76);
INSERT OR REPLACE INTO pokedex_i18n (pokedex_num,lang,name) VALUES (75,'fr-fr','Gravalanch');
INSERT OR REPLACE INTO pokedex_i18n (pokedex_num,lang,name) VALUES (75,'en-us','Graveler');
INSERT OR REPLACE INTO pokedex_i18n (pokedex_num,lang,name) VALUES (75,'de-de','Georok');

INSERT OR REPLACE INTO pokedex (pokedex_num,type1,type2) VALUES (76,'ROCK','GROUND');
INSERT OR REPLACE INTO pokedex_i18n (pokedex_num,lang,name) VALUES (76,'fr-fr','Grolem');
INSERT OR REPLACE INTO pokedex_i18n (pokedex_num,lang,name) VALUES (76,'en-us','Golem');
INSERT OR REPLACE INTO pokedex_i18n (pokedex_num,lang,name) VALUES (76,'de-de','Geowaz');

INSERT OR REPLACE INTO pokedex (pokedex_num,type1,type2) VALUES (77,'FIRE',null);
INSERT OR REPLACE INTO evolution (pokedex_num,evolution_id) VALUES (77,78);
INSERT OR REPLACE INTO pokedex_i18n (pokedex_num,lang,name) VALUES (77,'fr-fr','Ponyta');
INSERT OR REPLACE INTO pokedex_i18n (pokedex_num,lang,name) VALUES (77,'en-us','Ponyta');
INSERT OR REPLACE INTO pokedex_i18n (pokedex_num,lang,name) VALUES (77,'de-de','Ponita');

INSERT OR REPLACE INTO pokedex (pokedex_num,type1,type2) VALUES (78,'FIRE',null);
INSERT OR REPLACE INTO pokedex_i18n (pokedex_num,lang,name) VALUES (78,'fr-fr','Galopa');
INSERT OR REPLACE INTO pokedex_i18n (pokedex_num,lang,name) VALUES (78,'en-us','Rapidash');
INSERT OR REPLACE INTO pokedex_i18n (pokedex_num,lang,name) VALUES (78,'de-de','Gallopa');

INSERT OR REPLACE INTO pokedex (pokedex_num,type1,type2) VALUES (79,'WATER','PSYCHIC');
INSERT OR REPLACE INTO evolution (pokedex_num,evolution_id) VALUES (79,80);
INSERT OR REPLACE INTO pokedex_i18n (pokedex_num,lang,name) VALUES (79,'fr-fr','Ramoloss');
INSERT OR REPLACE INTO pokedex_i18n (pokedex_num,lang,name) VALUES (79,'en-us','Slowpoke');
INSERT OR REPLACE INTO pokedex_i18n (pokedex_num,lang,name) VALUES (79,'de-de','Flegmon');

INSERT OR REPLACE INTO pokedex (pokedex_num,type1,type2) VALUES (80,'WATER','PSYCHIC');
INSERT OR REPLACE INTO pokedex_i18n (pokedex_num,lang,name) VALUES (80,'fr-fr','Flagadoss');
INSERT OR REPLACE INTO pokedex_i18n (pokedex_num,lang,name) VALUES (80,'en-us','Slowbro');
INSERT OR REPLACE INTO pokedex_i18n (pokedex_num,lang,name) VALUES (80,'de-de','Lahmus');

INSERT OR REPLACE INTO pokedex (pokedex_num,type1,type2) VALUES (81,'ELECTRIC','STEEL');
INSERT OR REPLACE INTO evolution (pokedex_num,evolution_id) VALUES (81,82);
INSERT OR REPLACE INTO pokedex_i18n (pokedex_num,lang,name) VALUES (81,'fr-fr','Magnéti');
INSERT OR REPLACE INTO pokedex_i18n (pokedex_num,lang,name) VALUES (81,'en-us','Magnemite');
INSERT OR REPLACE INTO pokedex_i18n (pokedex_num,lang,name) VALUES (81,'de-de','Magnetilo');

INSERT OR REPLACE INTO pokedex (pokedex_num,type1,type2) VALUES (82,'ELECTRIC','STEEL');
INSERT OR REPLACE INTO pokedex_i18n (pokedex_num,lang,name) VALUES (82,'fr-fr','Magnéton');
INSERT OR REPLACE INTO pokedex_i18n (pokedex_num,lang,name) VALUES (82,'en-us','Magneton');
INSERT OR REPLACE INTO pokedex_i18n (pokedex_num,lang,name) VALUES (82,'de-de','Magneton');

INSERT OR REPLACE INTO pokedex (pokedex_num,type1,type2) VALUES (83,'NORMAL','FLYING');
INSERT OR REPLACE INTO pokedex_i18n (pokedex_num,lang,name) VALUES (83,'fr-fr','Canarticho');
INSERT OR REPLACE INTO pokedex_i18n (pokedex_num,lang,name) VALUES (83,'en-us','Farfetchd');
INSERT OR REPLACE INTO pokedex_i18n (pokedex_num,lang,name) VALUES (83,'de-de','Porenta');

INSERT OR REPLACE INTO pokedex (pokedex_num,type1,type2) VALUES (84,'NORMAL','FLYING');
INSERT OR REPLACE INTO evolution (pokedex_num,evolution_id) VALUES (84,85);
INSERT OR REPLACE INTO pokedex_i18n (pokedex_num,lang,name) VALUES (84,'fr-fr','Doduo');
INSERT OR REPLACE INTO pokedex_i18n (pokedex_num,lang,name) VALUES (84,'en-us','Doduo');
INSERT OR REPLACE INTO pokedex_i18n (pokedex_num,lang,name) VALUES (84,'de-de','Dodu');

INSERT OR REPLACE INTO pokedex (pokedex_num,type1,type2) VALUES (85,'NORMAL','FLYING');
INSERT OR REPLACE INTO pokedex_i18n (pokedex_num,lang,name) VALUES (85,'fr-fr','Dodrio');
INSERT OR REPLACE INTO pokedex_i18n (pokedex_num,lang,name) VALUES (85,'en-us','Dodrio');
INSERT OR REPLACE INTO pokedex_i18n (pokedex_num,lang,name) VALUES (85,'de-de','Dodri');

INSERT OR REPLACE INTO pokedex (pokedex_num,type1,type2) VALUES (86,'WATER',null);
INSERT OR REPLACE INTO evolution (pokedex_num,evolution_id) VALUES (86,87);
INSERT OR REPLACE INTO pokedex_i18n (pokedex_num,lang,name) VALUES (86,'fr-fr','Otaria');
INSERT OR REPLACE INTO pokedex_i18n (pokedex_num,lang,name) VALUES (86,'en-us','Seel');
INSERT OR REPLACE INTO pokedex_i18n (pokedex_num,lang,name) VALUES (86,'de-de','Jurob');

INSERT OR REPLACE INTO pokedex (pokedex_num,type1,type2) VALUES (87,'WATER','ICE');
INSERT OR REPLACE INTO pokedex_i18n (pokedex_num,lang,name) VALUES (87,'fr-fr','Lamantine');
INSERT OR REPLACE INTO pokedex_i18n (pokedex_num,lang,name) VALUES (87,'en-us','Dewgong');
INSERT OR REPLACE INTO pokedex_i18n (pokedex_num,lang,name) VALUES (87,'de-de','Jugong');

INSERT OR REPLACE INTO pokedex (pokedex_num,type1,type2) VALUES (88,'POISON',null);
INSERT OR REPLACE INTO evolution (pokedex_num,evolution_id) VALUES (88,89);
INSERT OR REPLACE INTO pokedex_i18n (pokedex_num,lang,name) VALUES (88,'fr-fr','Tadmorv');
INSERT OR REPLACE INTO pokedex_i18n (pokedex_num,lang,name) VALUES (88,'en-us','Grimer');
INSERT OR REPLACE INTO pokedex_i18n (pokedex_num,lang,name) VALUES (88,'de-de','Sleima');

INSERT OR REPLACE INTO pokedex (pokedex_num,type1,type2) VALUES (89,'POISON',null);
INSERT OR REPLACE INTO pokedex_i18n (pokedex_num,lang,name) VALUES (89,'fr-fr','Grotadmorv');
INSERT OR REPLACE INTO pokedex_i18n (pokedex_num,lang,name) VALUES (89,'en-us','Muk');
INSERT OR REPLACE INTO pokedex_i18n (pokedex_num,lang,name) VALUES (89,'de-de','Sleimok');

INSERT OR REPLACE INTO pokedex (pokedex_num,type1,type2) VALUES (90,'WATER',null);
INSERT OR REPLACE INTO evolution (pokedex_num,evolution_id) VALUES (90,91);
INSERT OR REPLACE INTO pokedex_i18n (pokedex_num,lang,name) VALUES (90,'fr-fr','Kokiyas');
INSERT OR REPLACE INTO pokedex_i18n (pokedex_num,lang,name) VALUES (90,'en-us','Shellder');
INSERT OR REPLACE INTO pokedex_i18n (pokedex_num,lang,name) VALUES (90,'de-de','Muschas');

INSERT OR REPLACE INTO pokedex (pokedex_num,type1,type2) VALUES (91,'WATER','ICE');
INSERT OR REPLACE INTO pokedex_i18n (pokedex_num,lang,name) VALUES (91,'fr-fr','Crustabri');
INSERT OR REPLACE INTO pokedex_i18n (pokedex_num,lang,name) VALUES (91,'en-us','Cloyster');
INSERT OR REPLACE INTO pokedex_i18n (pokedex_num,lang,name) VALUES (91,'de-de','Austos');

INSERT OR REPLACE INTO pokedex (pokedex_num,type1,type2) VALUES (92,'GHOST','POISON');
INSERT OR REPLACE INTO evolution (pokedex_num,evolution_id) VALUES (92,93);
INSERT OR REPLACE INTO pokedex_i18n (pokedex_num,lang,name) VALUES (92,'fr-fr','Fantominus');
INSERT OR REPLACE INTO pokedex_i18n (pokedex_num,lang,name) VALUES (92,'en-us','Gastly');
INSERT OR REPLACE INTO pokedex_i18n (pokedex_num,lang,name) VALUES (92,'de-de','Nebulak');

INSERT OR REPLACE INTO pokedex (pokedex_num,type1,type2) VALUES (93,'GHOST','POISON');
INSERT OR REPLACE INTO evolution (pokedex_num,evolution_id) VALUES (93,94);
INSERT OR REPLACE INTO pokedex_i18n (pokedex_num,lang,name) VALUES (93,'fr-fr','Spectrum');
INSERT OR REPLACE INTO pokedex_i18n (pokedex_num,lang,name) VALUES (93,'en-us','Haunter');
INSERT OR REPLACE INTO pokedex_i18n (pokedex_num,lang,name) VALUES (93,'de-de','Alpollo');

INSERT OR REPLACE INTO pokedex (pokedex_num,type1,type2) VALUES (94,'GHOST','POISON');
INSERT OR REPLACE INTO pokedex_i18n (pokedex_num,lang,name) VALUES (94,'fr-fr','Ectoplasma');
INSERT OR REPLACE INTO pokedex_i18n (pokedex_num,lang,name) VALUES (94,'en-us','Gengar');
INSERT OR REPLACE INTO pokedex_i18n (pokedex_num,lang,name) VALUES (94,'de-de','Gengar');

INSERT OR REPLACE INTO pokedex (pokedex_num,type1,type2) VALUES (95,'ROCK','GROUND');
INSERT OR REPLACE INTO pokedex_i18n (pokedex_num,lang,name) VALUES (95,'fr-fr','Onix');
INSERT OR REPLACE INTO pokedex_i18n (pokedex_num,lang,name) VALUES (95,'en-us','Onix');
INSERT OR REPLACE INTO pokedex_i18n (pokedex_num,lang,name) VALUES (95,'de-de','Onix');

INSERT OR REPLACE INTO pokedex (pokedex_num,type1,type2) VALUES (96,'PSYCHIC',null);
INSERT OR REPLACE INTO evolution (pokedex_num,evolution_id) VALUES (96,97);
INSERT OR REPLACE INTO pokedex_i18n (pokedex_num,lang,name) VALUES (96,'fr-fr','Soporifik');
INSERT OR REPLACE INTO pokedex_i18n (pokedex_num,lang,name) VALUES (96,'en-us','Drowzee');
INSERT OR REPLACE INTO pokedex_i18n (pokedex_num,lang,name) VALUES (96,'de-de','Traumato');

INSERT OR REPLACE INTO pokedex (pokedex_num,type1,type2) VALUES (97,'PSYCHIC',null);
INSERT OR REPLACE INTO pokedex_i18n (pokedex_num,lang,name) VALUES (97,'fr-fr','Hypnomade');
INSERT OR REPLACE INTO pokedex_i18n (pokedex_num,lang,name) VALUES (97,'en-us','Hypno');
INSERT OR REPLACE INTO pokedex_i18n (pokedex_num,lang,name) VALUES (97,'de-de','Hypno');

INSERT OR REPLACE INTO pokedex (pokedex_num,type1,type2) VALUES (98,'WATER',null);
INSERT OR REPLACE INTO evolution (pokedex_num,evolution_id) VALUES (98,99);
INSERT OR REPLACE INTO pokedex_i18n (pokedex_num,lang,name) VALUES (98,'fr-fr','Krabby');
INSERT OR REPLACE INTO pokedex_i18n (pokedex_num,lang,name) VALUES (98,'en-us','Krabby');
INSERT OR REPLACE INTO pokedex_i18n (pokedex_num,lang,name) VALUES (98,'de-de','Krabby');

INSERT OR REPLACE INTO pokedex (pokedex_num,type1,type2) VALUES (99,'WATER',null);
INSERT OR REPLACE INTO pokedex_i18n (pokedex_num,lang,name) VALUES (99,'fr-fr','Krabboss');
INSERT OR REPLACE INTO pokedex_i18n (pokedex_num,lang,name) VALUES (99,'en-us','Kingler');
INSERT OR REPLACE INTO pokedex_i18n (pokedex_num,lang,name) VALUES (99,'de-de','Kingler');

INSERT OR REPLACE INTO pokedex (pokedex_num,type1,type2) VALUES (100,'ELECTRIC',null);
INSERT OR REPLACE INTO evolution (pokedex_num,evolution_id) VALUES (100,101);
INSERT OR REPLACE INTO pokedex_i18n (pokedex_num,lang,name) VALUES (100,'fr-fr','Voltorbe');
INSERT OR REPLACE INTO pokedex_i18n (pokedex_num,lang,name) VALUES (100,'en-us','Voltorb');
INSERT OR REPLACE INTO pokedex_i18n (pokedex_num,lang,name) VALUES (100,'de-de','Voltobal');

INSERT OR REPLACE INTO pokedex (pokedex_num,type1,type2) VALUES (101,'ELECTRIC',null);
INSERT OR REPLACE INTO pokedex_i18n (pokedex_num,lang,name) VALUES (101,'fr-fr','Électrode');
INSERT OR REPLACE INTO pokedex_i18n (pokedex_num,lang,name) VALUES (101,'en-us','Electrode');
INSERT OR REPLACE INTO pokedex_i18n (pokedex_num,lang,name) VALUES (101,'de-de','Lektrobal');

INSERT OR REPLACE INTO pokedex (pokedex_num,type1,type2) VALUES (102,'GRASS','PSYCHIC');
INSERT OR REPLACE INTO evolution (pokedex_num,evolution_id) VALUES (102,103);
INSERT OR REPLACE INTO pokedex_i18n (pokedex_num,lang,name) VALUES (102,'fr-fr','Nœunœuf');
INSERT OR REPLACE INTO pokedex_i18n (pokedex_num,lang,name) VALUES (102,'en-us','Exeggcute');
INSERT OR REPLACE INTO pokedex_i18n (pokedex_num,lang,name) VALUES (102,'de-de','Owei');

INSERT OR REPLACE INTO pokedex (pokedex_num,type1,type2) VALUES (103,'GRASS','PSYCHIC');
INSERT OR REPLACE INTO pokedex_i18n (pokedex_num,lang,name) VALUES (103,'fr-fr','Noadkoko');
INSERT OR REPLACE INTO pokedex_i18n (pokedex_num,lang,name) VALUES (103,'en-us','Exeggutor');
INSERT OR REPLACE INTO pokedex_i18n (pokedex_num,lang,name) VALUES (103,'de-de','Kokowei');

INSERT OR REPLACE INTO pokedex (pokedex_num,type1,type2) VALUES (104,'GROUND',null);
INSERT OR REPLACE INTO evolution (pokedex_num,evolution_id) VALUES (104,105);
INSERT OR REPLACE INTO pokedex_i18n (pokedex_num,lang,name) VALUES (104,'fr-fr','Osselait');
INSERT OR REPLACE INTO pokedex_i18n (pokedex_num,lang,name) VALUES (104,'en-us','Cubone');
INSERT OR REPLACE INTO pokedex_i18n (pokedex_num,lang,name) VALUES (104,'de-de','Tragosso');

INSERT OR REPLACE INTO pokedex (pokedex_num,type1,type2) VALUES (105,'GROUND',null);
INSERT OR REPLACE INTO pokedex_i18n (pokedex_num,lang,name) VALUES (105,'fr-fr','Ossatueur');
INSERT OR REPLACE INTO pokedex_i18n (pokedex_num,lang,name) VALUES (105,'en-us','Marowak');
INSERT OR REPLACE INTO pokedex_i18n (pokedex_num,lang,name) VALUES (105,'de-de','Knogga');

INSERT OR REPLACE INTO pokedex (pokedex_num,type1,type2) VALUES (106,'FIGHTING',null);
INSERT OR REPLACE INTO pokedex_i18n (pokedex_num,lang,name) VALUES (106,'fr-fr','Kicklee');
INSERT OR REPLACE INTO pokedex_i18n (pokedex_num,lang,name) VALUES (106,'en-us','Hitmonlee');
INSERT OR REPLACE INTO pokedex_i18n (pokedex_num,lang,name) VALUES (106,'de-de','Kicklee');

INSERT OR REPLACE INTO pokedex (pokedex_num,type1,type2) VALUES (107,'FIGHTING',null);
INSERT OR REPLACE INTO pokedex_i18n (pokedex_num,lang,name) VALUES (107,'fr-fr','Tygnon');
INSERT OR REPLACE INTO pokedex_i18n (pokedex_num,lang,name) VALUES (107,'en-us','Hitmonchan');
INSERT OR REPLACE INTO pokedex_i18n (pokedex_num,lang,name) VALUES (107,'de-de','Nockchan');

INSERT OR REPLACE INTO pokedex (pokedex_num,type1,type2) VALUES (108,'NORMAL',null);
INSERT OR REPLACE INTO pokedex_i18n (pokedex_num,lang,name) VALUES (108,'fr-fr','Excelangue');
INSERT OR REPLACE INTO pokedex_i18n (pokedex_num,lang,name) VALUES (108,'en-us','Lickitung');
INSERT OR REPLACE INTO pokedex_i18n (pokedex_num,lang,name) VALUES (108,'de-de','Schlurp');

INSERT OR REPLACE INTO pokedex (pokedex_num,type1,type2) VALUES (109,'POISON',null);
INSERT OR REPLACE INTO evolution (pokedex_num,evolution_id) VALUES (109,110);
INSERT OR REPLACE INTO pokedex_i18n (pokedex_num,lang,name) VALUES (109,'fr-fr','Smogo');
INSERT OR REPLACE INTO pokedex_i18n (pokedex_num,lang,name) VALUES (109,'en-us','Koffing');
INSERT OR REPLACE INTO pokedex_i18n (pokedex_num,lang,name) VALUES (109,'de-de','Smogon');

INSERT OR REPLACE INTO pokedex (pokedex_num,type1,type2) VALUES (110,'POISON',null);
INSERT OR REPLACE INTO pokedex_i18n (pokedex_num,lang,name) VALUES (110,'fr-fr','Smogogo');
INSERT OR REPLACE INTO pokedex_i18n (pokedex_num,lang,name) VALUES (110,'en-us','Weezing');
INSERT OR REPLACE INTO pokedex_i18n (pokedex_num,lang,name) VALUES (110,'de-de','Smogmog');

INSERT OR REPLACE INTO pokedex (pokedex_num,type1,type2) VALUES (111,'GROUND','ROCK');
INSERT OR REPLACE INTO evolution (pokedex_num,evolution_id) VALUES (111,112);
INSERT OR REPLACE INTO pokedex_i18n (pokedex_num,lang,name) VALUES (111,'fr-fr','Rhinocorne');
INSERT OR REPLACE INTO pokedex_i18n (pokedex_num,lang,name) VALUES (111,'en-us','Rhyhorn');
INSERT OR REPLACE INTO pokedex_i18n (pokedex_num,lang,name) VALUES (111,'de-de','Rihorn');

INSERT OR REPLACE INTO pokedex (pokedex_num,type1,type2) VALUES (112,'GROUND','ROCK');
INSERT OR REPLACE INTO pokedex_i18n (pokedex_num,lang,name) VALUES (112,'fr-fr','Rhinoféros');
INSERT OR REPLACE INTO pokedex_i18n (pokedex_num,lang,name) VALUES (112,'en-us','Rhydon');
INSERT OR REPLACE INTO pokedex_i18n (pokedex_num,lang,name) VALUES (112,'de-de','Rizeros');

INSERT OR REPLACE INTO pokedex (pokedex_num,type1,type2) VALUES (113,'NORMAL',null);
INSERT OR REPLACE INTO pokedex_i18n (pokedex_num,lang,name) VALUES (113,'fr-fr','Leveinard');
INSERT OR REPLACE INTO pokedex_i18n (pokedex_num,lang,name) VALUES (113,'en-us','Chansey');
INSERT OR REPLACE INTO pokedex_i18n (pokedex_num,lang,name) VALUES (113,'de-de','Chaneira');

INSERT OR REPLACE INTO pokedex (pokedex_num,type1,type2) VALUES (114,'GRASS',null);
INSERT OR REPLACE INTO pokedex_i18n (pokedex_num,lang,name) VALUES (114,'fr-fr','Saquedeneu');
INSERT OR REPLACE INTO pokedex_i18n (pokedex_num,lang,name) VALUES (114,'en-us','Tangela');
INSERT OR REPLACE INTO pokedex_i18n (pokedex_num,lang,name) VALUES (114,'de-de','Tangela');

INSERT OR REPLACE INTO pokedex (pokedex_num,type1,type2) VALUES (115,'NORMAL',null);
INSERT OR REPLACE INTO pokedex_i18n (pokedex_num,lang,name) VALUES (115,'fr-fr','Kangourex');
INSERT OR REPLACE INTO pokedex_i18n (pokedex_num,lang,name) VALUES (115,'en-us','Kangaskhan');
INSERT OR REPLACE INTO pokedex_i18n (pokedex_num,lang,name) VALUES (115,'de-de','Kangama');

INSERT OR REPLACE INTO pokedex (pokedex_num,type1,type2) VALUES (116,'WATER',null);
INSERT OR REPLACE INTO evolution (pokedex_num,evolution_id) VALUES (116,117);
INSERT OR REPLACE INTO pokedex_i18n (pokedex_num,lang,name) VALUES (116,'fr-fr','Hypotrempe');
INSERT OR REPLACE INTO pokedex_i18n (pokedex_num,lang,name) VALUES (116,'en-us','Horsea');
INSERT OR REPLACE INTO pokedex_i18n (pokedex_num,lang,name) VALUES (116,'de-de','Seeper');

INSERT OR REPLACE INTO pokedex (pokedex_num,type1,type2) VALUES (117,'WATER',null);
INSERT OR REPLACE INTO pokedex_i18n (pokedex_num,lang,name) VALUES (117,'fr-fr','Hypocéan');
INSERT OR REPLACE INTO pokedex_i18n (pokedex_num,lang,name) VALUES (117,'en-us','Seadra');
INSERT OR REPLACE INTO pokedex_i18n (pokedex_num,lang,name) VALUES (117,'de-de','Seemon');

INSERT OR REPLACE INTO pokedex (pokedex_num,type1,type2) VALUES (118,'WATER',null);
INSERT OR REPLACE INTO evolution (pokedex_num,evolution_id) VALUES (118,119);
INSERT OR REPLACE INTO pokedex_i18n (pokedex_num,lang,name) VALUES (118,'fr-fr','Poissirène');
INSERT OR REPLACE INTO pokedex_i18n (pokedex_num,lang,name) VALUES (118,'en-us','Goldeen');
INSERT OR REPLACE INTO pokedex_i18n (pokedex_num,lang,name) VALUES (118,'de-de','Goldini');

INSERT OR REPLACE INTO pokedex (pokedex_num,type1,type2) VALUES (119,'WATER',null);
INSERT OR REPLACE INTO pokedex_i18n (pokedex_num,lang,name) VALUES (119,'fr-fr','Poissoroy');
INSERT OR REPLACE INTO pokedex_i18n (pokedex_num,lang,name) VALUES (119,'en-us','Seaking');
INSERT OR REPLACE INTO pokedex_i18n (pokedex_num,lang,name) VALUES (119,'de-de','Golking');

INSERT OR REPLACE INTO pokedex (pokedex_num,type1,type2) VALUES (120,'WATER',null);
INSERT OR REPLACE INTO evolution (pokedex_num,evolution_id) VALUES (120,121);
INSERT OR REPLACE INTO pokedex_i18n (pokedex_num,lang,name) VALUES (120,'fr-fr','Stari');
INSERT OR REPLACE INTO pokedex_i18n (pokedex_num,lang,name) VALUES (120,'en-us','Staryu');
INSERT OR REPLACE INTO pokedex_i18n (pokedex_num,lang,name) VALUES (120,'de-de','Sterndu');

INSERT OR REPLACE INTO pokedex (pokedex_num,type1,type2) VALUES (121,'WATER','PSYCHIC');
INSERT OR REPLACE INTO pokedex_i18n (pokedex_num,lang,name) VALUES (121,'fr-fr','Staross');
INSERT OR REPLACE INTO pokedex_i18n (pokedex_num,lang,name) VALUES (121,'en-us','Starmie');
INSERT OR REPLACE INTO pokedex_i18n (pokedex_num,lang,name) VALUES (121,'de-de','Starmie');

INSERT OR REPLACE INTO pokedex (pokedex_num,type1,type2) VALUES (122,'PSYCHIC','FAIRY');
INSERT OR REPLACE INTO pokedex_i18n (pokedex_num,lang,name) VALUES (122,'fr-fr','M. Mime');
INSERT OR REPLACE INTO pokedex_i18n (pokedex_num,lang,name) VALUES (122,'en-us','Mr. Mime');
INSERT OR REPLACE INTO pokedex_i18n (pokedex_num,lang,name) VALUES (122,'de-de','Pantimos');

INSERT OR REPLACE INTO pokedex (pokedex_num,type1,type2) VALUES (123,'BUG','FLYING');
INSERT OR REPLACE INTO pokedex_i18n (pokedex_num,lang,name) VALUES (123,'fr-fr','Insécateur');
INSERT OR REPLACE INTO pokedex_i18n (pokedex_num,lang,name) VALUES (123,'en-us','Scyther');
INSERT OR REPLACE INTO pokedex_i18n (pokedex_num,lang,name) VALUES (123,'de-de','Sichlor');

INSERT OR REPLACE INTO pokedex (pokedex_num,type1,type2) VALUES (124,'ICE','PSYCHIC');
INSERT OR REPLACE INTO pokedex_i18n (pokedex_num,lang,name) VALUES (124,'fr-fr','Lippoutou');
INSERT OR REPLACE INTO pokedex_i18n (pokedex_num,lang,name) VALUES (124,'en-us','Jynx');
INSERT OR REPLACE INTO pokedex_i18n (pokedex_num,lang,name) VALUES (124,'de-de','Rossana');

INSERT OR REPLACE INTO pokedex (pokedex_num,type1,type2) VALUES (125,'ELECTRIC',null);
INSERT OR REPLACE INTO pokedex_i18n (pokedex_num,lang,name) VALUES (125,'fr-fr','Élektek');
INSERT OR REPLACE INTO pokedex_i18n (pokedex_num,lang,name) VALUES (125,'en-us','Electabuzz');
INSERT OR REPLACE INTO pokedex_i18n (pokedex_num,lang,name) VALUES (125,'de-de','Elektek');

INSERT OR REPLACE INTO pokedex (pokedex_num,type1,type2) VALUES (126,'FIRE',null);
INSERT OR REPLACE INTO pokedex_i18n (pokedex_num,lang,name) VALUES (126,'fr-fr','Magmar');
INSERT OR REPLACE INTO pokedex_i18n (pokedex_num,lang,name) VALUES (126,'en-us','Magmar');
INSERT OR REPLACE INTO pokedex_i18n (pokedex_num,lang,name) VALUES (126,'de-de','Magmar');

INSERT OR REPLACE INTO pokedex (pokedex_num,type1,type2) VALUES (127,'BUG',null);
INSERT OR REPLACE INTO pokedex_i18n (pokedex_num,lang,name) VALUES (127,'fr-fr','Scarabrute');
INSERT OR REPLACE INTO pokedex_i18n (pokedex_num,lang,name) VALUES (127,'en-us','Pinsir');
INSERT OR REPLACE INTO pokedex_i18n (pokedex_num,lang,name) VALUES (127,'de-de','Pinsir');

INSERT OR REPLACE INTO pokedex (pokedex_num,type1,type2) VALUES (128,'NORMAL',null);
INSERT OR REPLACE INTO pokedex_i18n (pokedex_num,lang,name) VALUES (128,'fr-fr','Tauros');
INSERT OR REPLACE INTO pokedex_i18n (pokedex_num,lang,name) VALUES (128,'en-us','Tauros');
INSERT OR REPLACE INTO pokedex_i18n (pokedex_num,lang,name) VALUES (128,'de-de','Tauros');

INSERT OR REPLACE INTO pokedex (pokedex_num,type1,type2) VALUES (129,'WATER',null);
INSERT OR REPLACE INTO evolution (pokedex_num,evolution_id) VALUES (129,130);
INSERT OR REPLACE INTO pokedex_i18n (pokedex_num,lang,name) VALUES (129,'fr-fr','Magicarpe');
INSERT OR REPLACE INTO pokedex_i18n (pokedex_num,lang,name) VALUES (129,'en-us','Magikarp');
INSERT OR REPLACE INTO pokedex_i18n (pokedex_num,lang,name) VALUES (129,'de-de','Karpador');

INSERT OR REPLACE INTO pokedex (pokedex_num,type1,type2) VALUES (130,'WATER','FLYING');
INSERT OR REPLACE INTO pokedex_i18n (pokedex_num,lang,name) VALUES (130,'fr-fr','Léviator');
INSERT OR REPLACE INTO pokedex_i18n (pokedex_num,lang,name) VALUES (130,'en-us','Gyarados');
INSERT OR REPLACE INTO pokedex_i18n (pokedex_num,lang,name) VALUES (130,'de-de','Garados');

INSERT OR REPLACE INTO pokedex (pokedex_num,type1,type2) VALUES (131,'WATER','ICE');
INSERT OR REPLACE INTO pokedex_i18n (pokedex_num,lang,name) VALUES (131,'fr-fr','Lokhlass');
INSERT OR REPLACE INTO pokedex_i18n (pokedex_num,lang,name) VALUES (131,'en-us','Lapras');
INSERT OR REPLACE INTO pokedex_i18n (pokedex_num,lang,name) VALUES (131,'de-de','Lapras');

INSERT OR REPLACE INTO pokedex (pokedex_num,type1,type2) VALUES (132,'NORMAL',null);
INSERT OR REPLACE INTO pokedex_i18n (pokedex_num,lang,name) VALUES (132,'fr-fr','Métamorph');
INSERT OR REPLACE INTO pokedex_i18n (pokedex_num,lang,name) VALUES (132,'en-us','Ditto');
INSERT OR REPLACE INTO pokedex_i18n (pokedex_num,lang,name) VALUES (132,'de-de','Ditto');

INSERT OR REPLACE INTO pokedex (pokedex_num,type1,type2) VALUES (133,'NORMAL',null);
INSERT OR REPLACE INTO evolution (pokedex_num,evolution_id) VALUES (133,134);
INSERT OR REPLACE INTO evolution (pokedex_num,evolution_id) VALUES (133,135);
INSERT OR REPLACE INTO evolution (pokedex_num,evolution_id) VALUES (133,136);
INSERT OR REPLACE INTO pokedex_i18n (pokedex_num,lang,name) VALUES (133,'fr-fr','Évoli');
INSERT OR REPLACE INTO pokedex_i18n (pokedex_num,lang,name) VALUES (133,'en-us','Eevee');
INSERT OR REPLACE INTO pokedex_i18n (pokedex_num,lang,name) VALUES (133,'de-de','Evoli');

INSERT OR REPLACE INTO pokedex (pokedex_num,type1,type2) VALUES (134,'WATER',null);
INSERT OR REPLACE INTO pokedex_i18n (pokedex_num,lang,name) VALUES (134,'fr-fr','Aquali');
INSERT OR REPLACE INTO pokedex_i18n (pokedex_num,lang,name) VALUES (134,'en-us','Vaporeon');
INSERT OR REPLACE INTO pokedex_i18n (pokedex_num,lang,name) VALUES (134,'de-de','Aquana');

INSERT OR REPLACE INTO pokedex (pokedex_num,type1,type2) VALUES (135,'ELECTRIC',null);
INSERT OR REPLACE INTO pokedex_i18n (pokedex_num,lang,name) VALUES (135,'fr-fr','Voltali');
INSERT OR REPLACE INTO pokedex_i18n (pokedex_num,lang,name) VALUES (135,'en-us','Jolteon');
INSERT OR REPLACE INTO pokedex_i18n (pokedex_num,lang,name) VALUES (135,'de-de','Blitza');

INSERT OR REPLACE INTO pokedex (pokedex_num,type1,type2) VALUES (136,'FIRE',null);
INSERT OR REPLACE INTO pokedex_i18n (pokedex_num,lang,name) VALUES (136,'fr-fr','Pyroli');
INSERT OR REPLACE INTO pokedex_i18n (pokedex_num,lang,name) VALUES (136,'en-us','Flareon');
INSERT OR REPLACE INTO pokedex_i18n (pokedex_num,lang,name) VALUES (136,'de-de','Flamara');

INSERT OR REPLACE INTO pokedex (pokedex_num,type1,type2) VALUES (137,'NORMAL',null);
INSERT OR REPLACE INTO pokedex_i18n (pokedex_num,lang,name) VALUES (137,'fr-fr','Porygon');
INSERT OR REPLACE INTO pokedex_i18n (pokedex_num,lang,name) VALUES (137,'en-us','Porygon');
INSERT OR REPLACE INTO pokedex_i18n (pokedex_num,lang,name) VALUES (137,'de-de','Porygon');

INSERT OR REPLACE INTO pokedex (pokedex_num,type1,type2) VALUES (138,'ROCK','WATER');
INSERT OR REPLACE INTO evolution (pokedex_num,evolution_id) VALUES (138,139);
INSERT OR REPLACE INTO pokedex_i18n (pokedex_num,lang,name) VALUES (138,'fr-fr','Amonita');
INSERT OR REPLACE INTO pokedex_i18n (pokedex_num,lang,name) VALUES (138,'en-us','Omanyte');
INSERT OR REPLACE INTO pokedex_i18n (pokedex_num,lang,name) VALUES (138,'de-de','Amonitas');

INSERT OR REPLACE INTO pokedex (pokedex_num,type1,type2) VALUES (139,'ROCK','WATER');
INSERT OR REPLACE INTO pokedex_i18n (pokedex_num,lang,name) VALUES (139,'fr-fr','Amonistar');
INSERT OR REPLACE INTO pokedex_i18n (pokedex_num,lang,name) VALUES (139,'en-us','Omastar');
INSERT OR REPLACE INTO pokedex_i18n (pokedex_num,lang,name) VALUES (139,'de-de','Amoroso');

INSERT OR REPLACE INTO pokedex (pokedex_num,type1,type2) VALUES (140,'ROCK','WATER');
INSERT OR REPLACE INTO evolution (pokedex_num,evolution_id) VALUES (140,141);
INSERT OR REPLACE INTO pokedex_i18n (pokedex_num,lang,name) VALUES (140,'fr-fr','Kabuto');
INSERT OR REPLACE INTO pokedex_i18n (pokedex_num,lang,name) VALUES (140,'en-us','Kabuto');
INSERT OR REPLACE INTO pokedex_i18n (pokedex_num,lang,name) VALUES (140,'de-de','Kabuto');

INSERT OR REPLACE INTO pokedex (pokedex_num,type1,type2) VALUES (141,'ROCK','WATER');
INSERT OR REPLACE INTO pokedex_i18n (pokedex_num,lang,name) VALUES (141,'fr-fr','Kabutops');
INSERT OR REPLACE INTO pokedex_i18n (pokedex_num,lang,name) VALUES (141,'en-us','Kabutops');
INSERT OR REPLACE INTO pokedex_i18n (pokedex_num,lang,name) VALUES (141,'de-de','Kabutops');

INSERT OR REPLACE INTO pokedex (pokedex_num,type1,type2) VALUES (142,'ROCK','FLYING');
INSERT OR REPLACE INTO pokedex_i18n (pokedex_num,lang,name) VALUES (142,'fr-fr','Ptéra');
INSERT OR REPLACE INTO pokedex_i18n (pokedex_num,lang,name) VALUES (142,'en-us','Aerodactyl');
INSERT OR REPLACE INTO pokedex_i18n (pokedex_num,lang,name) VALUES (142,'de-de','Aerodactyl');

INSERT OR REPLACE INTO pokedex (pokedex_num,type1,type2) VALUES (143,'NORMAL',null);
INSERT OR REPLACE INTO pokedex_i18n (pokedex_num,lang,name) VALUES (143,'fr-fr','Ronflex');
INSERT OR REPLACE INTO pokedex_i18n (pokedex_num,lang,name) VALUES (143,'en-us','Snorlax');
INSERT OR REPLACE INTO pokedex_i18n (pokedex_num,lang,name) VALUES (143,'de-de','Relaxo');

INSERT OR REPLACE INTO pokedex (pokedex_num,type1,type2) VALUES (144,'ICE','FLYING');
INSERT OR REPLACE INTO pokedex_i18n (pokedex_num,lang,name) VALUES (144,'fr-fr','Artikodin');
INSERT OR REPLACE INTO pokedex_i18n (pokedex_num,lang,name) VALUES (144,'en-us','Articuno');
INSERT OR REPLACE INTO pokedex_i18n (pokedex_num,lang,name) VALUES (144,'de-de','Arktos');

INSERT OR REPLACE INTO pokedex (pokedex_num,type1,type2) VALUES (145,'ELECTRIC','FLYING');
INSERT OR REPLACE INTO pokedex_i18n (pokedex_num,lang,name) VALUES (145,'fr-fr','Électhor');
INSERT OR REPLACE INTO pokedex_i18n (pokedex_num,lang,name) VALUES (145,'en-us','Zapdos');
INSERT OR REPLACE INTO pokedex_i18n (pokedex_num,lang,name) VALUES (145,'de-de','Zapdos');

INSERT OR REPLACE INTO pokedex (pokedex_num,type1,type2) VALUES (146,'FIRE','FLYING');
INSERT OR REPLACE INTO pokedex_i18n (pokedex_num,lang,name) VALUES (146,'fr-fr','Sulfura');
INSERT OR REPLACE INTO pokedex_i18n (pokedex_num,lang,name) VALUES (146,'en-us','Moltres');
INSERT OR REPLACE INTO pokedex_i18n (pokedex_num,lang,name) VALUES (146,'de-de','Lavados');

INSERT OR REPLACE INTO pokedex (pokedex_num,type1,type2) VALUES (147,'DRAGON',null);
INSERT OR REPLACE INTO evolution (pokedex_num,evolution_id) VALUES (147,148);
INSERT OR REPLACE INTO pokedex_i18n (pokedex_num,lang,name) VALUES (147,'fr-fr','Minidraco');
INSERT OR REPLACE INTO pokedex_i18n (pokedex_num,lang,name) VALUES (147,'en-us','Dratini');
INSERT OR REPLACE INTO pokedex_i18n (pokedex_num,lang,name) VALUES (147,'de-de','Dratini');

INSERT OR REPLACE INTO pokedex (pokedex_num,type1,type2) VALUES (148,'DRAGON',null);
INSERT OR REPLACE INTO evolution (pokedex_num,evolution_id) VALUES (148,149);
INSERT OR REPLACE INTO pokedex_i18n (pokedex_num,lang,name) VALUES (148,'fr-fr','Draco');
INSERT OR REPLACE INTO pokedex_i18n (pokedex_num,lang,name) VALUES (148,'en-us','Dragonair');
INSERT OR REPLACE INTO pokedex_i18n (pokedex_num,lang,name) VALUES (148,'de-de','Dragonir');

INSERT OR REPLACE INTO pokedex (pokedex_num,type1,type2) VALUES (149,'DRAGON','FLYING');
INSERT OR REPLACE INTO pokedex_i18n (pokedex_num,lang,name) VALUES (149,'fr-fr','Dracolosse');
INSERT OR REPLACE INTO pokedex_i18n (pokedex_num,lang,name) VALUES (149,'en-us','Dragonite');
INSERT OR REPLACE INTO pokedex_i18n (pokedex_num,lang,name) VALUES (149,'de-de','Dragoran');

INSERT OR REPLACE INTO pokedex (pokedex_num,type1,type2) VALUES (150,'PSYCHIC',null);
INSERT OR REPLACE INTO pokedex_i18n (pokedex_num,lang,name) VALUES (150,'fr-fr','Mewtwo');
INSERT OR REPLACE INTO pokedex_i18n (pokedex_num,lang,name) VALUES (150,'en-us','Mewtwo');
INSERT OR REPLACE INTO pokedex_i18n (pokedex_num,lang,name) VALUES (150,'de-de','Mewtu');

INSERT OR REPLACE INTO pokedex (pokedex_num,type1,type2) VALUES (151,'PSYCHIC',null);
INSERT OR REPLACE INTO pokedex_i18n (pokedex_num,lang,name) VALUES (151,'fr-fr','Mew');
INSERT OR REPLACE INTO pokedex_i18n (pokedex_num,lang,name) VALUES (151,'en-us','Mew');
INSERT OR REPLACE INTO pokedex_i18n (pokedex_num,lang,name) VALUES (151,'de-de','Mew');
